"","code","title","timing","scope","severity","score","invasive","species","X.y","Sequence","Family1","Order1","Avibase.ID1","Total.individuals","Female","Male","Unknown","Complete.measures","Beak.Length_Culmen","Beak.Length_Nares","Beak.Width","Beak.Depth","Tarsus.Length","Wing.Length","Kipps.Distance","Secondary1","Hand.Wing.Index","Tail.Length","Mass","Mass.Source","Mass.Refs.Other","Inference","Traits.inferred","Reference.species","Habitat","Habitat.Density","Migration","Trophic.Level","Trophic.Niche","Primary.Lifestyle","Min.Latitude","Max.Latitude","Centroid.Latitude","Centroid.Longitude","Range.Size","result.taxonid","category.n"
"1","2.1","Annual & perennial non-timber crops","Ongoing","Minority (<50%)","Unknown","Unknown",NA,"Acrocephalus orinus",2872,7559,"Acrocephalidae","Passeriformes","AVIBASE-6A9ED1BF",4,2,2,0,3,16.8,9.6,4,3.1,21.8,58,11.8,46.2,20.3,55.4,24.2,"Dunning",NA,"NO",NA,NA,"Wetland",3,3,"Carnivore","Invertivore","Insessorial",36.08,38.8,37.13,71.38,15471.91,22729551,0
"2","2.1.2","Small-holder farming","Ongoing","Minority (<50%)","Unknown","Unknown",NA,"Acrocephalus orinus",2872,7559,"Acrocephalidae","Passeriformes","AVIBASE-6A9ED1BF",4,2,2,0,3,16.8,9.6,4,3.1,21.8,58,11.8,46.2,20.3,55.4,24.2,"Dunning",NA,"NO",NA,NA,"Wetland",3,3,"Carnivore","Invertivore","Insessorial",36.08,38.8,37.13,71.38,15471.91,22729551,0
"3","2.3","Livestock farming & ranching","Ongoing","Minority (<50%)","Unknown","Unknown",NA,"Acrocephalus orinus",2872,7559,"Acrocephalidae","Passeriformes","AVIBASE-6A9ED1BF",4,2,2,0,3,16.8,9.6,4,3.1,21.8,58,11.8,46.2,20.3,55.4,24.2,"Dunning",NA,"NO",NA,NA,"Wetland",3,3,"Carnivore","Invertivore","Insessorial",36.08,38.8,37.13,71.38,15471.91,22729551,0
"4","2.3.2","Small-holder grazing, ranching or farming","Ongoing","Minority (<50%)","Unknown","Unknown",NA,"Acrocephalus orinus",2872,7559,"Acrocephalidae","Passeriformes","AVIBASE-6A9ED1BF",4,2,2,0,3,16.8,9.6,4,3.1,21.8,58,11.8,46.2,20.3,55.4,24.2,"Dunning",NA,"NO",NA,NA,"Wetland",3,3,"Carnivore","Invertivore","Insessorial",36.08,38.8,37.13,71.38,15471.91,22729551,0
"5","2.4","Marine & freshwater aquaculture","Ongoing","Minority (<50%)","Unknown","Unknown",NA,"Acrocephalus orinus",2872,7559,"Acrocephalidae","Passeriformes","AVIBASE-6A9ED1BF",4,2,2,0,3,16.8,9.6,4,3.1,21.8,58,11.8,46.2,20.3,55.4,24.2,"Dunning",NA,"NO",NA,NA,"Wetland",3,3,"Carnivore","Invertivore","Insessorial",36.08,38.8,37.13,71.38,15471.91,22729551,0
"6","2.4.3","Scale Unknown/Unrecorded","Ongoing","Minority (<50%)","Unknown","Unknown",NA,"Acrocephalus orinus",2872,7559,"Acrocephalidae","Passeriformes","AVIBASE-6A9ED1BF",4,2,2,0,3,16.8,9.6,4,3.1,21.8,58,11.8,46.2,20.3,55.4,24.2,"Dunning",NA,"NO",NA,NA,"Wetland",3,3,"Carnivore","Invertivore","Insessorial",36.08,38.8,37.13,71.38,15471.91,22729551,0
"7","5.3","Logging & wood harvesting","Ongoing","Minority (<50%)","Unknown","Unknown",NA,"Acrocephalus orinus",2872,7559,"Acrocephalidae","Passeriformes","AVIBASE-6A9ED1BF",4,2,2,0,3,16.8,9.6,4,3.1,21.8,58,11.8,46.2,20.3,55.4,24.2,"Dunning",NA,"NO",NA,NA,"Wetland",3,3,"Carnivore","Invertivore","Insessorial",36.08,38.8,37.13,71.38,15471.91,22729551,0
"8","5.3.3","Unintentional effects: (subsistence/small scale) [harvest]","Ongoing","Minority (<50%)","Unknown","Unknown",NA,"Acrocephalus orinus",2872,7559,"Acrocephalidae","Passeriformes","AVIBASE-6A9ED1BF",4,2,2,0,3,16.8,9.6,4,3.1,21.8,58,11.8,46.2,20.3,55.4,24.2,"Dunning",NA,"NO",NA,NA,"Wetland",3,3,"Carnivore","Invertivore","Insessorial",36.08,38.8,37.13,71.38,15471.91,22729551,0
"9","2.1","Annual & perennial non-timber crops","Ongoing","Minority (<50%)","Unknown","Unknown",NA,"Aegotheles affinis",494,1096,"Aegothelidae","Caprimulgiformes","AVIBASE-3CDD6AA9",3,1,2,0,3,17.6,6.2,5.3,4.2,20.4,133.7,39.5,94.3,29.5,115.4,60,"DataFromSplit",NA,"NO",NA,NA,"Forest",1,1,"Carnivore","Invertivore","Insessorial",-6.34,-0.79,-3.25,138.45,1146.69,60814512,0
"10","2.1.1","Shifting agriculture","Ongoing","Minority (<50%)","Unknown","Unknown",NA,"Aegotheles affinis",494,1096,"Aegothelidae","Caprimulgiformes","AVIBASE-3CDD6AA9",3,1,2,0,3,17.6,6.2,5.3,4.2,20.4,133.7,39.5,94.3,29.5,115.4,60,"DataFromSplit",NA,"NO",NA,NA,"Forest",1,1,"Carnivore","Invertivore","Insessorial",-6.34,-0.79,-3.25,138.45,1146.69,60814512,0
"11","5.3","Logging & wood harvesting","Ongoing","Minority (<50%)","Unknown","Unknown",NA,"Aegotheles affinis",494,1096,"Aegothelidae","Caprimulgiformes","AVIBASE-3CDD6AA9",3,1,2,0,3,17.6,6.2,5.3,4.2,20.4,133.7,39.5,94.3,29.5,115.4,60,"DataFromSplit",NA,"NO",NA,NA,"Forest",1,1,"Carnivore","Invertivore","Insessorial",-6.34,-0.79,-3.25,138.45,1146.69,60814512,0
"12","5.3.4","Unintentional effects: (large scale) [harvest]","Ongoing","Minority (<50%)","Unknown","Unknown",NA,"Aegotheles affinis",494,1096,"Aegothelidae","Caprimulgiformes","AVIBASE-3CDD6AA9",3,1,2,0,3,17.6,6.2,5.3,4.2,20.4,133.7,39.5,94.3,29.5,115.4,60,"DataFromSplit",NA,"NO",NA,NA,"Forest",1,1,"Carnivore","Invertivore","Insessorial",-6.34,-0.79,-3.25,138.45,1146.69,60814512,0
"13","5.3","Logging & wood harvesting","Ongoing","Minority (<50%)","Unknown",NA,NA,"Aegotheles tatei",502,1093,"Aegothelidae","Caprimulgiformes","AVIBASE-EBD55D2E",1,1,0,0,1,20,7.4,7.5,5,16.1,145.8,40.2,105.6,27.6,130.2,52,"Dunning",NA,"NO",NA,NA,"Forest",1,1,"Carnivore","Invertivore","Insessorial",-10.44,-5.74,-6.95,143.23,3664.11,22728459,0
"14","5.3.3","Unintentional effects: (subsistence/small scale) [harvest]","Ongoing","Minority (<50%)","Unknown",NA,NA,"Aegotheles tatei",502,1093,"Aegothelidae","Caprimulgiformes","AVIBASE-EBD55D2E",1,1,0,0,1,20,7.4,7.5,5,16.1,145.8,40.2,105.6,27.6,130.2,52,"Dunning",NA,"NO",NA,NA,"Forest",1,1,"Carnivore","Invertivore","Insessorial",-10.44,-5.74,-6.95,143.23,3664.11,22728459,0
"15","11.1","Habitat shifting & alteration","Future","Whole (>90%)","Unknown",NA,NA,"Aerodramus orientalis",516,1151,"Apodidae","Caprimulgiformes","AVIBASE-49FEFB24",1,0,1,0,1,7.6,3.7,2.9,2.6,10.9,125.2,84.8,40.4,67.7,48.2,13.4,"EltonTraits_GenAvg",NA,"NO",NA,NA,"Forest",1,1,"Carnivore","Invertivore","Aerial",-9.89,-2.94,-6.51,155.95,4385.9,22686555,0
"16","11.1","Habitat shifting & alteration","Future","Whole (>90%)","Unknown",NA,NA,"Aerodramus whiteheadi",526,1149,"Apodidae","Caprimulgiformes","AVIBASE-239F660C",1,0,1,0,1,8.7,3,2.9,2.2,10.7,136,94.1,41.9,69.2,50,14,"Dunning",NA,"NO",NA,NA,"Forest",1,1,"Carnivore","Invertivore","Aerial",5.91,17.83,13.11,122.43,11703.85,22686549,0
"17","2.1","Annual & perennial non-timber crops","Ongoing","Unknown","Unknown",NA,NA,"Aerodramus whiteheadi",526,1149,"Apodidae","Caprimulgiformes","AVIBASE-239F660C",1,0,1,0,1,8.7,3,2.9,2.2,10.7,136,94.1,41.9,69.2,50,14,"Dunning",NA,"NO",NA,NA,"Forest",1,1,"Carnivore","Invertivore","Aerial",5.91,17.83,13.11,122.43,11703.85,22686549,0
"18","2.1.1","Shifting agriculture","Ongoing","Unknown","Unknown",NA,NA,"Aerodramus whiteheadi",526,1149,"Apodidae","Caprimulgiformes","AVIBASE-239F660C",1,0,1,0,1,8.7,3,2.9,2.2,10.7,136,94.1,41.9,69.2,50,14,"Dunning",NA,"NO",NA,NA,"Forest",1,1,"Carnivore","Invertivore","Aerial",5.91,17.83,13.11,122.43,11703.85,22686549,0
"19","5.3","Logging & wood harvesting","Ongoing","Unknown","Unknown",NA,NA,"Aerodramus whiteheadi",526,1149,"Apodidae","Caprimulgiformes","AVIBASE-239F660C",1,0,1,0,1,8.7,3,2.9,2.2,10.7,136,94.1,41.9,69.2,50,14,"Dunning",NA,"NO",NA,NA,"Forest",1,1,"Carnivore","Invertivore","Aerial",5.91,17.83,13.11,122.43,11703.85,22686549,0
"20","5.3.3","Unintentional effects: (subsistence/small scale) [harvest]","Ongoing","Unknown","Unknown",NA,NA,"Aerodramus whiteheadi",526,1149,"Apodidae","Caprimulgiformes","AVIBASE-239F660C",1,0,1,0,1,8.7,3,2.9,2.2,10.7,136,94.1,41.9,69.2,50,14,"Dunning",NA,"NO",NA,NA,"Forest",1,1,"Carnivore","Invertivore","Aerial",5.91,17.83,13.11,122.43,11703.85,22686549,0
"21","5.3","Logging & wood harvesting","Ongoing","Unknown","Unknown",NA,NA,"Apus sladeniae",545,1195,"Apodidae","Caprimulgiformes","AVIBASE-8B5BD4F2",3,0,3,0,3,12.8,4.7,3.5,3,13.6,177,127.1,49.9,71.8,78.3,42.8,"Dunning",NA,"NO",NA,NA,"Rock",1,NA,"Carnivore","Invertivore","Aerial",-13.33,6.7,-11.92,14.98,12587.31,22686825,0
"22","5.3.4","Unintentional effects: (large scale) [harvest]","Ongoing","Unknown","Unknown",NA,NA,"Apus sladeniae",545,1195,"Apodidae","Caprimulgiformes","AVIBASE-8B5BD4F2",3,0,3,0,3,12.8,4.7,3.5,3,13.6,177,127.1,49.9,71.8,78.3,42.8,"Dunning",NA,"NO",NA,NA,"Rock",1,NA,"Carnivore","Invertivore","Aerial",-13.33,6.7,-11.92,14.98,12587.31,22686825,0
"23","2.1","Annual & perennial non-timber crops","Ongoing","Minority (<50%)","Slow, Significant Declines","Low Impact: 5",NA,"Bathmocercus cerviniventris",3290,7495,"Cisticolidae","Passeriformes","AVIBASE-8EDC9B24",5,1,4,0,3,14.4,8.6,3.6,4,23.3,57.1,5,51.6,8.9,51.4,15.8,"Dunning",NA,"NO",NA,NA,"Forest",1,1,"Carnivore","Invertivore","Insessorial",4.88,9.37,7.23,-9.35,84168.02,22714569,0
"24","2.1.2","Small-holder farming","Ongoing","Minority (<50%)","Slow, Significant Declines","Low Impact: 5",NA,"Bathmocercus cerviniventris",3290,7495,"Cisticolidae","Passeriformes","AVIBASE-8EDC9B24",5,1,4,0,3,14.4,8.6,3.6,4,23.3,57.1,5,51.6,8.9,51.4,15.8,"Dunning",NA,"NO",NA,NA,"Forest",1,1,"Carnivore","Invertivore","Insessorial",4.88,9.37,7.23,-9.35,84168.02,22714569,0
"25","3.2","Mining & quarrying","Ongoing","Minority (<50%)","Rapid Declines","Medium Impact: 6",NA,"Bathmocercus cerviniventris",3290,7495,"Cisticolidae","Passeriformes","AVIBASE-8EDC9B24",5,1,4,0,3,14.4,8.6,3.6,4,23.3,57.1,5,51.6,8.9,51.4,15.8,"Dunning",NA,"NO",NA,NA,"Forest",1,1,"Carnivore","Invertivore","Insessorial",4.88,9.37,7.23,-9.35,84168.02,22714569,0
"26","5.3","Logging & wood harvesting","Ongoing","Minority (<50%)","Negligible declines","Low Impact: 4",NA,"Bathmocercus cerviniventris",3290,7495,"Cisticolidae","Passeriformes","AVIBASE-8EDC9B24",5,1,4,0,3,14.4,8.6,3.6,4,23.3,57.1,5,51.6,8.9,51.4,15.8,"Dunning",NA,"NO",NA,NA,"Forest",1,1,"Carnivore","Invertivore","Insessorial",4.88,9.37,7.23,-9.35,84168.02,22714569,0
"27","5.3.4","Unintentional effects: (large scale) [harvest]","Ongoing","Minority (<50%)","Negligible declines","Low Impact: 4",NA,"Bathmocercus cerviniventris",3290,7495,"Cisticolidae","Passeriformes","AVIBASE-8EDC9B24",5,1,4,0,3,14.4,8.6,3.6,4,23.3,57.1,5,51.6,8.9,51.4,15.8,"Dunning",NA,"NO",NA,NA,"Forest",1,1,"Carnivore","Invertivore","Insessorial",4.88,9.37,7.23,-9.35,84168.02,22714569,0
"28","2.1","Annual & perennial non-timber crops","Ongoing","Majority (50-90%)","Slow, Significant Declines",NA,NA,"Caprimulgus centralasicus",620,1061,"Caprimulgidae","Caprimulgiformes","AVIBASE-0BC7890E",1,1,0,0,1,15.3,7,4.7,2.6,15.2,156,61,95,39.1,106,57.5,"EltonTraits_GenAvg",NA,"NO",NA,NA,"Shrubland",2,NA,"Carnivore","Invertivore","Aerial",NA,NA,NA,NA,NA,22689909,0
"29","2.1.3","Agro-industry farming","Ongoing","Majority (50-90%)","Slow, Significant Declines",NA,NA,"Caprimulgus centralasicus",620,1061,"Caprimulgidae","Caprimulgiformes","AVIBASE-0BC7890E",1,1,0,0,1,15.3,7,4.7,2.6,15.2,156,61,95,39.1,106,57.5,"EltonTraits_GenAvg",NA,"NO",NA,NA,"Shrubland",2,NA,"Carnivore","Invertivore","Aerial",NA,NA,NA,NA,NA,22689909,0
"30","2.3","Livestock farming & ranching","Ongoing","Minority (<50%)","Slow, Significant Declines",NA,NA,"Caprimulgus centralasicus",620,1061,"Caprimulgidae","Caprimulgiformes","AVIBASE-0BC7890E",1,1,0,0,1,15.3,7,4.7,2.6,15.2,156,61,95,39.1,106,57.5,"EltonTraits_GenAvg",NA,"NO",NA,NA,"Shrubland",2,NA,"Carnivore","Invertivore","Aerial",NA,NA,NA,NA,NA,22689909,0
"31","2.3.2","Small-holder grazing, ranching or farming","Ongoing","Minority (<50%)","Slow, Significant Declines",NA,NA,"Caprimulgus centralasicus",620,1061,"Caprimulgidae","Caprimulgiformes","AVIBASE-0BC7890E",1,1,0,0,1,15.3,7,4.7,2.6,15.2,156,61,95,39.1,106,57.5,"EltonTraits_GenAvg",NA,"NO",NA,NA,"Shrubland",2,NA,"Carnivore","Invertivore","Aerial",NA,NA,NA,NA,NA,22689909,0
"32","5.3","Logging & wood harvesting","Ongoing","Minority (<50%)","Slow, Significant Declines",NA,NA,"Caprimulgus centralasicus",620,1061,"Caprimulgidae","Caprimulgiformes","AVIBASE-0BC7890E",1,1,0,0,1,15.3,7,4.7,2.6,15.2,156,61,95,39.1,106,57.5,"EltonTraits_GenAvg",NA,"NO",NA,NA,"Shrubland",2,NA,"Carnivore","Invertivore","Aerial",NA,NA,NA,NA,NA,22689909,0
"33","5.3.3","Unintentional effects: (subsistence/small scale) [harvest]","Ongoing","Minority (<50%)","Slow, Significant Declines",NA,NA,"Caprimulgus centralasicus",620,1061,"Caprimulgidae","Caprimulgiformes","AVIBASE-0BC7890E",1,1,0,0,1,15.3,7,4.7,2.6,15.2,156,61,95,39.1,106,57.5,"EltonTraits_GenAvg",NA,"NO",NA,NA,"Shrubland",2,NA,"Carnivore","Invertivore","Aerial",NA,NA,NA,NA,NA,22689909,0
"34","1.1","Housing & urban areas","Ongoing","Minority (<50%)","Negligible declines","Low Impact: 4",NA,"Charadrius dealbatus",1142,2383,"Charadriidae","Charadriiformes","AVIBASE-5E8E69CA",4,2,2,0,3,19.4,10.8,3.3,3.8,25.6,107.7,57.3,50.4,53.2,44.8,42.3,"DataFromSplit",NA,"NO",NA,NA,"Coastal",3,2,"Carnivore","Aquatic predator","Terrestrial",16.02,26.31,22.29,111.54,340626.3,22735615,0
"35","5.4","Fishing & harvesting aquatic resources","Ongoing","Minority (<50%)","Negligible declines","Low Impact: 4",NA,"Charadrius dealbatus",1142,2383,"Charadriidae","Charadriiformes","AVIBASE-5E8E69CA",4,2,2,0,3,19.4,10.8,3.3,3.8,25.6,107.7,57.3,50.4,53.2,44.8,42.3,"DataFromSplit",NA,"NO",NA,NA,"Coastal",3,2,"Carnivore","Aquatic predator","Terrestrial",16.02,26.31,22.29,111.54,340626.3,22735615,0
"36","5.4.3","Unintentional effects: (subsistence/small scale) [harvest]","Ongoing","Minority (<50%)","Negligible declines","Low Impact: 4",NA,"Charadrius dealbatus",1142,2383,"Charadriidae","Charadriiformes","AVIBASE-5E8E69CA",4,2,2,0,3,19.4,10.8,3.3,3.8,25.6,107.7,57.3,50.4,53.2,44.8,42.3,"DataFromSplit",NA,"NO",NA,NA,"Coastal",3,2,"Carnivore","Aquatic predator","Terrestrial",16.02,26.31,22.29,111.54,340626.3,22735615,0
"37","5.4.4","Unintentional effects: (large scale) [harvest]","Ongoing","Minority (<50%)","Negligible declines","Low Impact: 4",NA,"Charadrius dealbatus",1142,2383,"Charadriidae","Charadriiformes","AVIBASE-5E8E69CA",4,2,2,0,3,19.4,10.8,3.3,3.8,25.6,107.7,57.3,50.4,53.2,44.8,42.3,"DataFromSplit",NA,"NO",NA,NA,"Coastal",3,2,"Carnivore","Aquatic predator","Terrestrial",16.02,26.31,22.29,111.54,340626.3,22735615,0
"38","6.1","Recreational activities","Ongoing","Minority (<50%)","Negligible declines","Low Impact: 4",NA,"Charadrius dealbatus",1142,2383,"Charadriidae","Charadriiformes","AVIBASE-5E8E69CA",4,2,2,0,3,19.4,10.8,3.3,3.8,25.6,107.7,57.3,50.4,53.2,44.8,42.3,"DataFromSplit",NA,"NO",NA,NA,"Coastal",3,2,"Carnivore","Aquatic predator","Terrestrial",16.02,26.31,22.29,111.54,340626.3,22735615,0
"39","7.2","Dams & water management/use","Ongoing","Minority (<50%)","Negligible declines","Low Impact: 4",NA,"Charadrius dealbatus",1142,2383,"Charadriidae","Charadriiformes","AVIBASE-5E8E69CA",4,2,2,0,3,19.4,10.8,3.3,3.8,25.6,107.7,57.3,50.4,53.2,44.8,42.3,"DataFromSplit",NA,"NO",NA,NA,"Coastal",3,2,"Carnivore","Aquatic predator","Terrestrial",16.02,26.31,22.29,111.54,340626.3,22735615,0
"40","7.2.11","Dams (size unknown)","Ongoing","Minority (<50%)","Negligible declines","Low Impact: 4",NA,"Charadrius dealbatus",1142,2383,"Charadriidae","Charadriiformes","AVIBASE-5E8E69CA",4,2,2,0,3,19.4,10.8,3.3,3.8,25.6,107.7,57.3,50.4,53.2,44.8,42.3,"DataFromSplit",NA,"NO",NA,NA,"Coastal",3,2,"Carnivore","Aquatic predator","Terrestrial",16.02,26.31,22.29,111.54,340626.3,22735615,0
"41","7.2.4","Abstraction of surface water (unknown use)","Ongoing","Minority (<50%)","Negligible declines","Low Impact: 4",NA,"Charadrius dealbatus",1142,2383,"Charadriidae","Charadriiformes","AVIBASE-5E8E69CA",4,2,2,0,3,19.4,10.8,3.3,3.8,25.6,107.7,57.3,50.4,53.2,44.8,42.3,"DataFromSplit",NA,"NO",NA,NA,"Coastal",3,2,"Carnivore","Aquatic predator","Terrestrial",16.02,26.31,22.29,111.54,340626.3,22735615,0
"42","8.1","Invasive non-native/alien species/diseases (Clostridium botulinum)","Future","Minority (<50%)","Rapid Declines","Low Impact: 4","Clostridium botulinum","Charadrius dealbatus",1142,2383,"Charadriidae","Charadriiformes","AVIBASE-5E8E69CA",4,2,2,0,3,19.4,10.8,3.3,3.8,25.6,107.7,57.3,50.4,53.2,44.8,42.3,"DataFromSplit",NA,"NO",NA,NA,"Coastal",3,2,"Carnivore","Aquatic predator","Terrestrial",16.02,26.31,22.29,111.54,340626.3,22735615,0
"43","8.1.2","Named species (Clostridium botulinum)","Future","Minority (<50%)","Rapid Declines","Low Impact: 4","Clostridium botulinum","Charadrius dealbatus",1142,2383,"Charadriidae","Charadriiformes","AVIBASE-5E8E69CA",4,2,2,0,3,19.4,10.8,3.3,3.8,25.6,107.7,57.3,50.4,53.2,44.8,42.3,"DataFromSplit",NA,"NO",NA,NA,"Coastal",3,2,"Carnivore","Aquatic predator","Terrestrial",16.02,26.31,22.29,111.54,340626.3,22735615,0
"44","9.1","Domestic & urban waste water","Ongoing","Minority (<50%)","Negligible declines","Low Impact: 4",NA,"Charadrius dealbatus",1142,2383,"Charadriidae","Charadriiformes","AVIBASE-5E8E69CA",4,2,2,0,3,19.4,10.8,3.3,3.8,25.6,107.7,57.3,50.4,53.2,44.8,42.3,"DataFromSplit",NA,"NO",NA,NA,"Coastal",3,2,"Carnivore","Aquatic predator","Terrestrial",16.02,26.31,22.29,111.54,340626.3,22735615,0
"45","9.1.3","Type Unknown/Unrecorded","Ongoing","Minority (<50%)","Negligible declines","Low Impact: 4",NA,"Charadrius dealbatus",1142,2383,"Charadriidae","Charadriiformes","AVIBASE-5E8E69CA",4,2,2,0,3,19.4,10.8,3.3,3.8,25.6,107.7,57.3,50.4,53.2,44.8,42.3,"DataFromSplit",NA,"NO",NA,NA,"Coastal",3,2,"Carnivore","Aquatic predator","Terrestrial",16.02,26.31,22.29,111.54,340626.3,22735615,0
"46","2.1","Annual & perennial non-timber crops","Ongoing","Unknown","Unknown",NA,NA,"Cisticola melanurus",3335,7483,"Cisticolidae","Passeriformes","AVIBASE-388BABD6",4,4,0,0,4,10.7,6.1,2,2.7,16.6,44.8,5.7,39.1,12.7,47.5,8.7,"Dunning",NA,"NO",NA,NA,"Woodland",2,1,"Carnivore","Invertivore","Insessorial",-11.12,-5.22,-8.79,19.45,442014.73,22713459,0
"47","2.1.2","Small-holder farming","Ongoing","Unknown","Unknown",NA,NA,"Cisticola melanurus",3335,7483,"Cisticolidae","Passeriformes","AVIBASE-388BABD6",4,4,0,0,4,10.7,6.1,2,2.7,16.6,44.8,5.7,39.1,12.7,47.5,8.7,"Dunning",NA,"NO",NA,NA,"Woodland",2,1,"Carnivore","Invertivore","Insessorial",-11.12,-5.22,-8.79,19.45,442014.73,22713459,0
"48","2.1.3","Agro-industry farming","Ongoing","Unknown","Unknown",NA,NA,"Cisticola melanurus",3335,7483,"Cisticolidae","Passeriformes","AVIBASE-388BABD6",4,4,0,0,4,10.7,6.1,2,2.7,16.6,44.8,5.7,39.1,12.7,47.5,8.7,"Dunning",NA,"NO",NA,NA,"Woodland",2,1,"Carnivore","Invertivore","Insessorial",-11.12,-5.22,-8.79,19.45,442014.73,22713459,0
"49","5.3","Logging & wood harvesting","Ongoing","Unknown","Unknown",NA,NA,"Cisticola melanurus",3335,7483,"Cisticolidae","Passeriformes","AVIBASE-388BABD6",4,4,0,0,4,10.7,6.1,2,2.7,16.6,44.8,5.7,39.1,12.7,47.5,8.7,"Dunning",NA,"NO",NA,NA,"Woodland",2,1,"Carnivore","Invertivore","Insessorial",-11.12,-5.22,-8.79,19.45,442014.73,22713459,0
"50","5.3.3","Unintentional effects: (subsistence/small scale) [harvest]","Ongoing","Unknown","Unknown",NA,NA,"Cisticola melanurus",3335,7483,"Cisticolidae","Passeriformes","AVIBASE-388BABD6",4,4,0,0,4,10.7,6.1,2,2.7,16.6,44.8,5.7,39.1,12.7,47.5,8.7,"Dunning",NA,"NO",NA,NA,"Woodland",2,1,"Carnivore","Invertivore","Insessorial",-11.12,-5.22,-8.79,19.45,442014.73,22713459,0
"51","5.3.4","Unintentional effects: (large scale) [harvest]","Ongoing","Unknown","Unknown",NA,NA,"Cisticola melanurus",3335,7483,"Cisticolidae","Passeriformes","AVIBASE-388BABD6",4,4,0,0,4,10.7,6.1,2,2.7,16.6,44.8,5.7,39.1,12.7,47.5,8.7,"Dunning",NA,"NO",NA,NA,"Woodland",2,1,"Carnivore","Invertivore","Insessorial",-11.12,-5.22,-8.79,19.45,442014.73,22713459,0
"52","8.2","Problematic native species/diseases","Ongoing","Majority (50-90%)","Unknown",NA,NA,"Columba oliviae",1544,593,"Columbidae","Columbiformes","AVIBASE-37B66CCF",5,2,3,0,4,22.8,11.7,3.7,4.2,26,201,87.5,114.2,43.4,100.4,308.5,"EltonTraits_GenAvg",NA,"NO",NA,NA,"Grassland",2,1,"Herbivore","Granivore","Terrestrial",7.94,11.99,10.38,48.95,24568.32,22690092,0
"53","2.1","Annual & perennial non-timber crops","Ongoing","Majority (50-90%)","Slow, Significant Declines",NA,NA,"Crossleyia tenebrosa",3039,7672,"Bernieridae","Passeriformes","AVIBASE-6FD3006B",2,1,1,0,2,15.4,7.6,3,3.8,23.4,67.5,7.4,60,10.9,48.5,21.4,"Dunning",NA,"NO",NA,NA,"Forest",1,1,"Carnivore","Invertivore","Terrestrial",-19.26,-14.41,-16.15,49.5,15950.29,22713021,0
"54","2.1.1","Shifting agriculture","Ongoing","Majority (50-90%)","Slow, Significant Declines",NA,NA,"Crossleyia tenebrosa",3039,7672,"Bernieridae","Passeriformes","AVIBASE-6FD3006B",2,1,1,0,2,15.4,7.6,3,3.8,23.4,67.5,7.4,60,10.9,48.5,21.4,"Dunning",NA,"NO",NA,NA,"Forest",1,1,"Carnivore","Invertivore","Terrestrial",-19.26,-14.41,-16.15,49.5,15950.29,22713021,0
"55","5.3","Logging & wood harvesting","Ongoing","Minority (<50%)","Slow, Significant Declines",NA,NA,"Crossleyia tenebrosa",3039,7672,"Bernieridae","Passeriformes","AVIBASE-6FD3006B",2,1,1,0,2,15.4,7.6,3,3.8,23.4,67.5,7.4,60,10.9,48.5,21.4,"Dunning",NA,"NO",NA,NA,"Forest",1,1,"Carnivore","Invertivore","Terrestrial",-19.26,-14.41,-16.15,49.5,15950.29,22713021,0
"56","5.3.4","Unintentional effects: (large scale) [harvest]","Ongoing","Minority (<50%)","Slow, Significant Declines",NA,NA,"Crossleyia tenebrosa",3039,7672,"Bernieridae","Passeriformes","AVIBASE-6FD3006B",2,1,1,0,2,15.4,7.6,3,3.8,23.4,67.5,7.4,60,10.9,48.5,21.4,"Dunning",NA,"NO",NA,NA,"Forest",1,1,"Carnivore","Invertivore","Terrestrial",-19.26,-14.41,-16.15,49.5,15950.29,22713021,0
"57","2.1","Annual & perennial non-timber crops","Ongoing","Majority (50-90%)","Slow, Significant Declines","Medium Impact: 6",NA,"Dicaeum dayakorum",3662,9417,"Dicaeidae","Passeriformes","AVIBASE-E524E4CB",0,0,0,0,0,11,6,3.4,3.5,12.4,50.6,10.5,39.5,20.9,24.4,8.1,"Updated_literature","BoW","YES","Beak Culmen; Beak Nares; Beak Width; Beak Depth; Tarsus Length; Wing Length; Kipp's Distance; Secondary1; Hand-Wing Index; Tail Length","Dicaeum aureolimbatum","Forest",1,1,"Omnivore","Omnivore","Insessorial",NA,NA,NA,NA,NA,179385431,0
"58","2.1.3","Agro-industry farming","Ongoing","Majority (50-90%)","Slow, Significant Declines","Medium Impact: 6",NA,"Dicaeum dayakorum",3662,9417,"Dicaeidae","Passeriformes","AVIBASE-E524E4CB",0,0,0,0,0,11,6,3.4,3.5,12.4,50.6,10.5,39.5,20.9,24.4,8.1,"Updated_literature","BoW","YES","Beak Culmen; Beak Nares; Beak Width; Beak Depth; Tarsus Length; Wing Length; Kipp's Distance; Secondary1; Hand-Wing Index; Tail Length","Dicaeum aureolimbatum","Forest",1,1,"Omnivore","Omnivore","Insessorial",NA,NA,NA,NA,NA,179385431,0
"59","2.2","Wood & pulp plantations","Ongoing","Minority (<50%)","Slow, Significant Declines","Low Impact: 5",NA,"Dicaeum dayakorum",3662,9417,"Dicaeidae","Passeriformes","AVIBASE-E524E4CB",0,0,0,0,0,11,6,3.4,3.5,12.4,50.6,10.5,39.5,20.9,24.4,8.1,"Updated_literature","BoW","YES","Beak Culmen; Beak Nares; Beak Width; Beak Depth; Tarsus Length; Wing Length; Kipp's Distance; Secondary1; Hand-Wing Index; Tail Length","Dicaeum aureolimbatum","Forest",1,1,"Omnivore","Omnivore","Insessorial",NA,NA,NA,NA,NA,179385431,0
"60","2.2.3","Scale Unknown/Unrecorded","Ongoing","Minority (<50%)","Slow, Significant Declines","Low Impact: 5",NA,"Dicaeum dayakorum",3662,9417,"Dicaeidae","Passeriformes","AVIBASE-E524E4CB",0,0,0,0,0,11,6,3.4,3.5,12.4,50.6,10.5,39.5,20.9,24.4,8.1,"Updated_literature","BoW","YES","Beak Culmen; Beak Nares; Beak Width; Beak Depth; Tarsus Length; Wing Length; Kipp's Distance; Secondary1; Hand-Wing Index; Tail Length","Dicaeum aureolimbatum","Forest",1,1,"Omnivore","Omnivore","Insessorial",NA,NA,NA,NA,NA,179385431,0
"61","5.3","Logging & wood harvesting","Ongoing","Majority (50-90%)","Slow, Significant Declines","Medium Impact: 6",NA,"Dicaeum dayakorum",3662,9417,"Dicaeidae","Passeriformes","AVIBASE-E524E4CB",0,0,0,0,0,11,6,3.4,3.5,12.4,50.6,10.5,39.5,20.9,24.4,8.1,"Updated_literature","BoW","YES","Beak Culmen; Beak Nares; Beak Width; Beak Depth; Tarsus Length; Wing Length; Kipp's Distance; Secondary1; Hand-Wing Index; Tail Length","Dicaeum aureolimbatum","Forest",1,1,"Omnivore","Omnivore","Insessorial",NA,NA,NA,NA,NA,179385431,0
"62","5.3.3","Unintentional effects: (subsistence/small scale) [harvest]","Ongoing","Majority (50-90%)","Slow, Significant Declines","Medium Impact: 6",NA,"Dicaeum dayakorum",3662,9417,"Dicaeidae","Passeriformes","AVIBASE-E524E4CB",0,0,0,0,0,11,6,3.4,3.5,12.4,50.6,10.5,39.5,20.9,24.4,8.1,"Updated_literature","BoW","YES","Beak Culmen; Beak Nares; Beak Width; Beak Depth; Tarsus Length; Wing Length; Kipp's Distance; Secondary1; Hand-Wing Index; Tail Length","Dicaeum aureolimbatum","Forest",1,1,"Omnivore","Omnivore","Insessorial",NA,NA,NA,NA,NA,179385431,0
"63","5.3.4","Unintentional effects: (large scale) [harvest]","Ongoing","Majority (50-90%)","Slow, Significant Declines","Medium Impact: 6",NA,"Dicaeum dayakorum",3662,9417,"Dicaeidae","Passeriformes","AVIBASE-E524E4CB",0,0,0,0,0,11,6,3.4,3.5,12.4,50.6,10.5,39.5,20.9,24.4,8.1,"Updated_literature","BoW","YES","Beak Culmen; Beak Nares; Beak Width; Beak Depth; Tarsus Length; Wing Length; Kipp's Distance; Secondary1; Hand-Wing Index; Tail Length","Dicaeum aureolimbatum","Forest",1,1,"Omnivore","Omnivore","Insessorial",NA,NA,NA,NA,NA,179385431,0
"64","5.3","Logging & wood harvesting","Ongoing","Unknown","Unknown",NA,NA,"Discosura letitiae",881,1289,"Trochilidae","Caprimulgiformes","AVIBASE-E77089BB",1,0,0,1,1,14.3,9.7,0.7,1.1,4.1,37.6,24.5,13.1,65.2,36,2.8,"EltonTraits_GenAvg",NA,"NO",NA,NA,"Forest",1,1,"Herbivore","Nectarivore","Aerial",NA,NA,NA,NA,NA,22687265,0
"65","5.3.4","Unintentional effects: (large scale) [harvest]","Ongoing","Unknown","Unknown",NA,NA,"Discosura letitiae",881,1289,"Trochilidae","Caprimulgiformes","AVIBASE-E77089BB",1,0,0,1,1,14.3,9.7,0.7,1.1,4.1,37.6,24.5,13.1,65.2,36,2.8,"EltonTraits_GenAvg",NA,"NO",NA,NA,"Forest",1,1,"Herbivore","Nectarivore","Aerial",NA,NA,NA,NA,NA,22687265,0
"66","5.3","Logging & wood harvesting","Ongoing","Unknown","Unknown","Unknown",NA,"Edolisoma rostratum",3126,6498,"Campephagidae","Passeriformes","AVIBASE-D3CA1D45",0,0,0,0,0,27.2,16.3,7.9,7.9,24.6,128.1,41.2,87.8,31.9,93.1,60.9,"DataFromSplit",NA,"YES","Beak Culmen; Beak Nares; Beak Width; Beak Depth; Tarsus Length; Wing Length; Kipp's Distance; Secondary1; Hand-Wing Index; Tail Length","Edolisoma tenuirostre","Shrubland",2,1,"Carnivore","Invertivore","Insessorial",-11.43,-11.29,-11.36,154.14,294.51,103702615,0
"67","5.3.3","Unintentional effects: (subsistence/small scale) [harvest]","Ongoing","Unknown","Unknown","Unknown",NA,"Edolisoma rostratum",3126,6498,"Campephagidae","Passeriformes","AVIBASE-D3CA1D45",0,0,0,0,0,27.2,16.3,7.9,7.9,24.6,128.1,41.2,87.8,31.9,93.1,60.9,"DataFromSplit",NA,"YES","Beak Culmen; Beak Nares; Beak Width; Beak Depth; Tarsus Length; Wing Length; Kipp's Distance; Secondary1; Hand-Wing Index; Tail Length","Edolisoma tenuirostre","Shrubland",2,1,"Carnivore","Invertivore","Insessorial",-11.43,-11.29,-11.36,154.14,294.51,103702615,0
"68","11.1","Habitat shifting & alteration","Future","Whole (>90%)","Unknown",NA,NA,"Emberizoides duidae",7875,10765,"Thraupidae","Passeriformes","AVIBASE-F9E82153",2,1,1,0,2,17.4,9.8,5.2,6.7,25.4,77,10.9,66.1,14.1,123,27.6,"Inferred",NA,"YES","Body Mass","Emberizoides herbicola","Grassland",3,1,"Omnivore","Granivore","Terrestrial",3.15,3.46,3.3,-65.6,137.14,22723375,0
"69","7.1","Fire & fire suppression","Future","Whole (>90%)","Rapid Declines",NA,NA,"Emberizoides duidae",7875,10765,"Thraupidae","Passeriformes","AVIBASE-F9E82153",2,1,1,0,2,17.4,9.8,5.2,6.7,25.4,77,10.9,66.1,14.1,123,27.6,"Inferred",NA,"YES","Body Mass","Emberizoides herbicola","Grassland",3,1,"Omnivore","Granivore","Terrestrial",3.15,3.46,3.3,-65.6,137.14,22723375,0
"70","7.1.3","Trend Unknown/Unrecorded","Future","Whole (>90%)","Rapid Declines",NA,NA,"Emberizoides duidae",7875,10765,"Thraupidae","Passeriformes","AVIBASE-F9E82153",2,1,1,0,2,17.4,9.8,5.2,6.7,25.4,77,10.9,66.1,14.1,123,27.6,"Inferred",NA,"YES","Body Mass","Emberizoides herbicola","Grassland",3,1,"Omnivore","Granivore","Terrestrial",3.15,3.46,3.3,-65.6,137.14,22723375,0
"71","2.1","Annual & perennial non-timber crops","Ongoing","Minority (<50%)","Slow, Significant Declines","Low Impact: 5",NA,"Erythropitta meeki",6730,4509,"Pittidae","Passeriformes","AVIBASE-8142EBD5",5,1,4,0,0,20.3,17,6.4,9,39.6,93.7,21.3,78.9,23.9,52.2,72.4,"DataFromSplit",NA,"YES","Beak Culmen; Kipp's Distance; Hand-Wing Index","Erythropitta erythrogaster","Forest",1,1,"Carnivore","Invertivore","Terrestrial",-11.43,-11.29,-11.36,154.14,295.33,103656460,0
"72","2.1.2","Small-holder farming","Ongoing","Minority (<50%)","Slow, Significant Declines","Low Impact: 5",NA,"Erythropitta meeki",6730,4509,"Pittidae","Passeriformes","AVIBASE-8142EBD5",5,1,4,0,0,20.3,17,6.4,9,39.6,93.7,21.3,78.9,23.9,52.2,72.4,"DataFromSplit",NA,"YES","Beak Culmen; Kipp's Distance; Hand-Wing Index","Erythropitta erythrogaster","Forest",1,1,"Carnivore","Invertivore","Terrestrial",-11.43,-11.29,-11.36,154.14,295.33,103656460,0
"73","5.3","Logging & wood harvesting","Ongoing","Minority (<50%)","Unknown",NA,NA,"Erythrotriorchis buergersi",142,3132,"Accipitridae","Accipitriformes","AVIBASE-0C9E322E",3,1,0,2,2,33.7,20.3,12.8,18.2,75.2,310.7,105.5,205.2,34,238.7,575,"Dunning",NA,"NO",NA,NA,"Forest",1,1,"Carnivore","Vertivore","Generalist",-10.48,-2.39,-5.51,142.42,152406.32,22695692,0
"74","5.3.4","Unintentional effects: (large scale) [harvest]","Ongoing","Minority (<50%)","Unknown",NA,NA,"Erythrotriorchis buergersi",142,3132,"Accipitridae","Accipitriformes","AVIBASE-0C9E322E",3,1,0,2,2,33.7,20.3,12.8,18.2,75.2,310.7,105.5,205.2,34,238.7,575,"Dunning",NA,"NO",NA,NA,"Forest",1,1,"Carnivore","Vertivore","Generalist",-10.48,-2.39,-5.51,142.42,152406.32,22695692,0
"75","5.3","Logging & wood harvesting","Ongoing","Minority (<50%)","Unknown",NA,NA,"Jubula lettii",10534,2923,"Strigidae","Strigiformes","AVIBASE-15A1DBE8",4,2,2,0,4,27.8,14.8,8.9,13,35.7,265,69.9,195.1,26.4,158.1,183,"Dunning",NA,"NO",NA,NA,"Forest",1,1,"Carnivore","Invertivore","Insessorial",-6.77,7.58,0.77,16.83,2256025.42,22689173,0
"76","5.3.3","Unintentional effects: (subsistence/small scale) [harvest]","Ongoing","Minority (<50%)","Unknown",NA,NA,"Jubula lettii",10534,2923,"Strigidae","Strigiformes","AVIBASE-15A1DBE8",4,2,2,0,4,27.8,14.8,8.9,13,35.7,265,69.9,195.1,26.4,158.1,183,"Dunning",NA,"NO",NA,NA,"Forest",1,1,"Carnivore","Invertivore","Insessorial",-6.77,7.58,0.77,16.83,2256025.42,22689173,0
"77","5.1","Hunting & trapping terrestrial animals","Ongoing","Majority (50-90%)","Unknown",NA,NA,"Lewinia mirifica",2659,1782,"Rallidae","Gruiformes","AVIBASE-F7CE0777",1,1,0,0,1,26.2,16.6,3.7,5.3,28.6,96.9,26.7,70.2,27.6,40,68,"Updated_literature","Dunning (2021)","NO",NA,NA,"Wetland",2,3,"Carnivore","Aquatic predator","Terrestrial",12.54,18.65,15.95,121.42,105068.66,22692509,0
"78","5.1.1","Intentional use (species is the target)","Ongoing","Majority (50-90%)","Unknown",NA,NA,"Lewinia mirifica",2659,1782,"Rallidae","Gruiformes","AVIBASE-F7CE0777",1,1,0,0,1,26.2,16.6,3.7,5.3,28.6,96.9,26.7,70.2,27.6,40,68,"Updated_literature","Dunning (2021)","NO",NA,NA,"Wetland",2,3,"Carnivore","Aquatic predator","Terrestrial",12.54,18.65,15.95,121.42,105068.66,22692509,0
"79","11.1","Habitat shifting & alteration","Future","Majority (50-90%)","Slow, Significant Declines","Low Impact: 4",NA,"Lobotos oriolinus",3153,6475,"Campephagidae","Passeriformes","AVIBASE-D75CBDFB",8,2,6,0,4,17.1,9.6,5.7,5,19.1,97.3,20.8,76.5,21.4,74.9,33.1,"Inferred",NA,"YES","Body Mass","Lobotos lobatus","Forest",1,1,"Carnivore","Invertivore","Insessorial",-3.1,5.91,1.31,17.84,440279.03,22706719,0
"80","5.3","Logging & wood harvesting","Ongoing","Minority (<50%)","Negligible declines","Low Impact: 4",NA,"Lobotos oriolinus",3153,6475,"Campephagidae","Passeriformes","AVIBASE-D75CBDFB",8,2,6,0,4,17.1,9.6,5.7,5,19.1,97.3,20.8,76.5,21.4,74.9,33.1,"Inferred",NA,"YES","Body Mass","Lobotos lobatus","Forest",1,1,"Carnivore","Invertivore","Insessorial",-3.1,5.91,1.31,17.84,440279.03,22706719,0
"81","5.3.4","Unintentional effects: (large scale) [harvest]","Ongoing","Minority (<50%)","Negligible declines","Low Impact: 4",NA,"Lobotos oriolinus",3153,6475,"Campephagidae","Passeriformes","AVIBASE-D75CBDFB",8,2,6,0,4,17.1,9.6,5.7,5,19.1,97.3,20.8,76.5,21.4,74.9,33.1,"Inferred",NA,"YES","Body Mass","Lobotos lobatus","Forest",1,1,"Carnivore","Invertivore","Insessorial",-3.1,5.91,1.31,17.84,440279.03,22706719,0
"82","2.3","Livestock farming & ranching","Ongoing","Minority (<50%)","Unknown",NA,NA,"Macronyx grimwoodi",5453,10001,"Motacillidae","Passeriformes","AVIBASE-E05608A4",4,1,3,0,3,21.2,12.4,4.6,5.5,35.9,95.5,16.6,78.9,17.5,72,45.1,"EltonTraits_GenAvg",NA,"NO",NA,NA,"Grassland",3,1,"Carnivore","Invertivore","Terrestrial",-15.26,-5.6,-10.59,20.31,671345.15,22718432,0
"83","2.3.2","Small-holder grazing, ranching or farming","Ongoing","Minority (<50%)","Unknown",NA,NA,"Macronyx grimwoodi",5453,10001,"Motacillidae","Passeriformes","AVIBASE-E05608A4",4,1,3,0,3,21.2,12.4,4.6,5.5,35.9,95.5,16.6,78.9,17.5,72,45.1,"EltonTraits_GenAvg",NA,"NO",NA,NA,"Grassland",3,1,"Carnivore","Invertivore","Terrestrial",-15.26,-5.6,-10.59,20.31,671345.15,22718432,0
"84","7.1","Fire & fire suppression","Ongoing","Minority (<50%)","Unknown",NA,NA,"Macronyx grimwoodi",5453,10001,"Motacillidae","Passeriformes","AVIBASE-E05608A4",4,1,3,0,3,21.2,12.4,4.6,5.5,35.9,95.5,16.6,78.9,17.5,72,45.1,"EltonTraits_GenAvg",NA,"NO",NA,NA,"Grassland",3,1,"Carnivore","Invertivore","Terrestrial",-15.26,-5.6,-10.59,20.31,671345.15,22718432,0
"85","7.1.1","Increase in fire frequency/intensity","Ongoing","Minority (<50%)","Unknown",NA,NA,"Macronyx grimwoodi",5453,10001,"Motacillidae","Passeriformes","AVIBASE-E05608A4",4,1,3,0,3,21.2,12.4,4.6,5.5,35.9,95.5,16.6,78.9,17.5,72,45.1,"EltonTraits_GenAvg",NA,"NO",NA,NA,"Grassland",3,1,"Carnivore","Invertivore","Terrestrial",-15.26,-5.6,-10.59,20.31,671345.15,22718432,0
"86","2.1","Annual & perennial non-timber crops","Ongoing","Majority (50-90%)","Unknown",NA,NA,"Malacocincla perspicillata",6496,8359,"Pellorneidae","Passeriformes","AVIBASE-84378150",1,0,0,1,0,21.5,10.7,4.1,5.6,29.4,86.9,6.2,67.1,8.4,48.9,25.5,"Inferred",NA,"YES","Beak Nares; Beak Width; Beak Depth; Kipp's Distance; Secondary1; Hand-Wing Index; Body Mass","Malacocincla sepiaria","Forest",1,1,"Carnivore","Invertivore","Generalist",-2.71,-2.7,-2.7,114.53,0.97,22715827,0
"87","2.1.4","Scale Unknown/Unrecorded","Ongoing","Majority (50-90%)","Unknown",NA,NA,"Malacocincla perspicillata",6496,8359,"Pellorneidae","Passeriformes","AVIBASE-84378150",1,0,0,1,0,21.5,10.7,4.1,5.6,29.4,86.9,6.2,67.1,8.4,48.9,25.5,"Inferred",NA,"YES","Beak Nares; Beak Width; Beak Depth; Kipp's Distance; Secondary1; Hand-Wing Index; Body Mass","Malacocincla sepiaria","Forest",1,1,"Carnivore","Invertivore","Generalist",-2.71,-2.7,-2.7,114.53,0.97,22715827,0
"88","2.3","Livestock farming & ranching","Ongoing","Majority (50-90%)","Unknown",NA,NA,"Malacocincla perspicillata",6496,8359,"Pellorneidae","Passeriformes","AVIBASE-84378150",1,0,0,1,0,21.5,10.7,4.1,5.6,29.4,86.9,6.2,67.1,8.4,48.9,25.5,"Inferred",NA,"YES","Beak Nares; Beak Width; Beak Depth; Kipp's Distance; Secondary1; Hand-Wing Index; Body Mass","Malacocincla sepiaria","Forest",1,1,"Carnivore","Invertivore","Generalist",-2.71,-2.7,-2.7,114.53,0.97,22715827,0
"89","2.3.2","Small-holder grazing, ranching or farming","Ongoing","Majority (50-90%)","Unknown",NA,NA,"Malacocincla perspicillata",6496,8359,"Pellorneidae","Passeriformes","AVIBASE-84378150",1,0,0,1,0,21.5,10.7,4.1,5.6,29.4,86.9,6.2,67.1,8.4,48.9,25.5,"Inferred",NA,"YES","Beak Nares; Beak Width; Beak Depth; Kipp's Distance; Secondary1; Hand-Wing Index; Body Mass","Malacocincla sepiaria","Forest",1,1,"Carnivore","Invertivore","Generalist",-2.71,-2.7,-2.7,114.53,0.97,22715827,0
"90","5.3","Logging & wood harvesting","Ongoing","Majority (50-90%)","Unknown",NA,NA,"Malacocincla perspicillata",6496,8359,"Pellorneidae","Passeriformes","AVIBASE-84378150",1,0,0,1,0,21.5,10.7,4.1,5.6,29.4,86.9,6.2,67.1,8.4,48.9,25.5,"Inferred",NA,"YES","Beak Nares; Beak Width; Beak Depth; Kipp's Distance; Secondary1; Hand-Wing Index; Body Mass","Malacocincla sepiaria","Forest",1,1,"Carnivore","Invertivore","Generalist",-2.71,-2.7,-2.7,114.53,0.97,22715827,0
"91","5.3.3","Unintentional effects: (subsistence/small scale) [harvest]","Ongoing","Majority (50-90%)","Unknown",NA,NA,"Malacocincla perspicillata",6496,8359,"Pellorneidae","Passeriformes","AVIBASE-84378150",1,0,0,1,0,21.5,10.7,4.1,5.6,29.4,86.9,6.2,67.1,8.4,48.9,25.5,"Inferred",NA,"YES","Beak Nares; Beak Width; Beak Depth; Kipp's Distance; Secondary1; Hand-Wing Index; Body Mass","Malacocincla sepiaria","Forest",1,1,"Carnivore","Invertivore","Generalist",-2.71,-2.7,-2.7,114.53,0.97,22715827,0
"92","7.1","Fire & fire suppression","Ongoing","Unknown","Unknown",NA,NA,"Malacocincla perspicillata",6496,8359,"Pellorneidae","Passeriformes","AVIBASE-84378150",1,0,0,1,0,21.5,10.7,4.1,5.6,29.4,86.9,6.2,67.1,8.4,48.9,25.5,"Inferred",NA,"YES","Beak Nares; Beak Width; Beak Depth; Kipp's Distance; Secondary1; Hand-Wing Index; Body Mass","Malacocincla sepiaria","Forest",1,1,"Carnivore","Invertivore","Generalist",-2.71,-2.7,-2.7,114.53,0.97,22715827,0
"93","7.1.3","Trend Unknown/Unrecorded","Ongoing","Unknown","Unknown",NA,NA,"Malacocincla perspicillata",6496,8359,"Pellorneidae","Passeriformes","AVIBASE-84378150",1,0,0,1,0,21.5,10.7,4.1,5.6,29.4,86.9,6.2,67.1,8.4,48.9,25.5,"Inferred",NA,"YES","Beak Nares; Beak Width; Beak Depth; Kipp's Distance; Secondary1; Hand-Wing Index; Body Mass","Malacocincla sepiaria","Forest",1,1,"Carnivore","Invertivore","Generalist",-2.71,-2.7,-2.7,114.53,0.97,22715827,0
"94","2.1","Annual & perennial non-timber crops","Ongoing","Unknown","Unknown",NA,NA,"Micromacronus leytensis",3367,7437,"Cisticolidae","Passeriformes","AVIBASE-E823AB2F",5,1,4,0,4,9.1,5.7,2.7,2.9,14.5,41.3,6.3,35,15.4,28.2,5.5,"Dunning",NA,"NO",NA,NA,"Forest",1,1,"Carnivore","Invertivore","Insessorial",10,12.59,11.55,124.96,20065.38,22735027,0
"95","2.1.2","Small-holder farming","Ongoing","Unknown","Unknown",NA,NA,"Micromacronus leytensis",3367,7437,"Cisticolidae","Passeriformes","AVIBASE-E823AB2F",5,1,4,0,4,9.1,5.7,2.7,2.9,14.5,41.3,6.3,35,15.4,28.2,5.5,"Dunning",NA,"NO",NA,NA,"Forest",1,1,"Carnivore","Invertivore","Insessorial",10,12.59,11.55,124.96,20065.38,22735027,0
"96","5.3","Logging & wood harvesting","Ongoing","Unknown","Unknown",NA,NA,"Micromacronus leytensis",3367,7437,"Cisticolidae","Passeriformes","AVIBASE-E823AB2F",5,1,4,0,4,9.1,5.7,2.7,2.9,14.5,41.3,6.3,35,15.4,28.2,5.5,"Dunning",NA,"NO",NA,NA,"Forest",1,1,"Carnivore","Invertivore","Insessorial",10,12.59,11.55,124.96,20065.38,22735027,0
"97","5.3.3","Unintentional effects: (subsistence/small scale) [harvest]","Ongoing","Unknown","Unknown",NA,NA,"Micromacronus leytensis",3367,7437,"Cisticolidae","Passeriformes","AVIBASE-E823AB2F",5,1,4,0,4,9.1,5.7,2.7,2.9,14.5,41.3,6.3,35,15.4,28.2,5.5,"Dunning",NA,"NO",NA,NA,"Forest",1,1,"Carnivore","Invertivore","Insessorial",10,12.59,11.55,124.96,20065.38,22735027,0
"98","11.2","Droughts","Ongoing","Whole (>90%)","Unknown","Unknown",NA,"Myzomela albigula",5164,6033,"Meliphagidae","Passeriformes","AVIBASE-04AEB6A1",5,1,4,0,4,21.4,12.6,3,3.7,19.8,68.6,11.2,56.8,16.4,57.2,14.6,"Dunning",NA,"NO",NA,NA,NA,1,1,"Omnivore","Nectarivore","Insessorial",-11.43,-10.25,-11.26,153.88,345.83,22703813,0
"99","11.4","Storms & flooding","Ongoing","Whole (>90%)","Unknown","Unknown",NA,"Myzomela albigula",5164,6033,"Meliphagidae","Passeriformes","AVIBASE-04AEB6A1",5,1,4,0,4,21.4,12.6,3,3.7,19.8,68.6,11.2,56.8,16.4,57.2,14.6,"Dunning",NA,"NO",NA,NA,NA,1,1,"Omnivore","Nectarivore","Insessorial",-11.43,-10.25,-11.26,153.88,345.83,22703813,0
"100","2.1","Annual & perennial non-timber crops","Ongoing","Minority (<50%)","Unknown","Unknown",NA,"Myzomela albigula",5164,6033,"Meliphagidae","Passeriformes","AVIBASE-04AEB6A1",5,1,4,0,4,21.4,12.6,3,3.7,19.8,68.6,11.2,56.8,16.4,57.2,14.6,"Dunning",NA,"NO",NA,NA,NA,1,1,"Omnivore","Nectarivore","Insessorial",-11.43,-10.25,-11.26,153.88,345.83,22703813,0
"101","2.1.1","Shifting agriculture","Ongoing","Minority (<50%)","Unknown","Unknown",NA,"Myzomela albigula",5164,6033,"Meliphagidae","Passeriformes","AVIBASE-04AEB6A1",5,1,4,0,4,21.4,12.6,3,3.7,19.8,68.6,11.2,56.8,16.4,57.2,14.6,"Dunning",NA,"NO",NA,NA,NA,1,1,"Omnivore","Nectarivore","Insessorial",-11.43,-10.25,-11.26,153.88,345.83,22703813,0
"102","8.1","Invasive non-native/alien species/diseases (Unspecified Rattus)","Ongoing","Unknown","Unknown","Unknown","Unspecified Rattus","Oceanites gracilis",9926,1990,"Oceanitidae","Procellariiformes","AVIBASE-934FEF66",5,2,3,0,4,13,5.3,1.8,2.8,29.6,133.4,79.4,54.4,59.3,55.8,16.7,"Dunning",NA,"NO",NA,NA,"Marine",3,2,"Carnivore","Aquatic predator","Aerial",-35.29,2.31,-10.43,-80.86,1761960.92,22698442,0
"103","8.1.2","Named species (Unspecified Rattus)","Ongoing","Unknown","Unknown","Unknown","Unspecified Rattus","Oceanites gracilis",9926,1990,"Oceanitidae","Procellariiformes","AVIBASE-934FEF66",5,2,3,0,4,13,5.3,1.8,2.8,29.6,133.4,79.4,54.4,59.3,55.8,16.7,"Dunning",NA,"NO",NA,NA,"Marine",3,2,"Carnivore","Aquatic predator","Aerial",-35.29,2.31,-10.43,-80.86,1761960.92,22698442,0
"104","9.2","Industrial & military effluents","Ongoing","Unknown","Unknown","Unknown",NA,"Oceanites pincoyae",9928,1991,"Oceanitidae","Procellariiformes","AVIBASE-7A8599C2",0,0,0,0,0,13,5.3,1.8,2.8,29.6,133.4,79.4,54.4,59.3,55.8,26,"Updated_literature","BoW","YES","Beak Culmen; Beak Nares; Beak Width; Beak Depth; Tarsus Length; Wing Length; Kipp's Distance; Secondary1; Hand-Wing Index; Tail Length","Oceanites gracilis",NA,3,2,"Carnivore","Aquatic predator","Aerial",-42.01,-41.48,-41.78,-73.16,3134.52,45354823,0
"105","9.2.1","Oil spills","Ongoing","Unknown","Unknown","Unknown",NA,"Oceanites pincoyae",9928,1991,"Oceanitidae","Procellariiformes","AVIBASE-7A8599C2",0,0,0,0,0,13,5.3,1.8,2.8,29.6,133.4,79.4,54.4,59.3,55.8,26,"Updated_literature","BoW","YES","Beak Culmen; Beak Nares; Beak Width; Beak Depth; Tarsus Length; Wing Length; Kipp's Distance; Secondary1; Hand-Wing Index; Tail Length","Oceanites gracilis",NA,3,2,"Carnivore","Aquatic predator","Aerial",-42.01,-41.48,-41.78,-73.16,3134.52,45354823,0
"106","9.4","Garbage & solid waste","Ongoing","Unknown","Unknown","Unknown",NA,"Oceanites pincoyae",9928,1991,"Oceanitidae","Procellariiformes","AVIBASE-7A8599C2",0,0,0,0,0,13,5.3,1.8,2.8,29.6,133.4,79.4,54.4,59.3,55.8,26,"Updated_literature","BoW","YES","Beak Culmen; Beak Nares; Beak Width; Beak Depth; Tarsus Length; Wing Length; Kipp's Distance; Secondary1; Hand-Wing Index; Tail Length","Oceanites gracilis",NA,3,2,"Carnivore","Aquatic predator","Aerial",-42.01,-41.48,-41.78,-73.16,3134.52,45354823,0
"107","2.1","Annual & perennial non-timber crops","Ongoing","Minority (<50%)","Unknown","Unknown",NA,"Oriolus cruentus",5970,6270,"Oriolidae","Passeriformes","AVIBASE-556DF2D6",5,2,3,0,4,26.1,17,6.3,8.1,24,127.9,27.7,97.7,22.1,90.8,64,"EltonTraits_Model",NA,"NO",NA,NA,"Forest",1,1,"Herbivore","Frugivore","Insessorial",-8.23,-6.58,-7.35,109.63,25422.28,103692619,0
"108","2.1.2","Small-holder farming","Ongoing","Minority (<50%)","Unknown","Unknown",NA,"Oriolus cruentus",5970,6270,"Oriolidae","Passeriformes","AVIBASE-556DF2D6",5,2,3,0,4,26.1,17,6.3,8.1,24,127.9,27.7,97.7,22.1,90.8,64,"EltonTraits_Model",NA,"NO",NA,NA,"Forest",1,1,"Herbivore","Frugivore","Insessorial",-8.23,-6.58,-7.35,109.63,25422.28,103692619,0
"109","5.1","Hunting & trapping terrestrial animals","Ongoing","Majority (50-90%)","Unknown","Unknown",NA,"Oriolus cruentus",5970,6270,"Oriolidae","Passeriformes","AVIBASE-556DF2D6",5,2,3,0,4,26.1,17,6.3,8.1,24,127.9,27.7,97.7,22.1,90.8,64,"EltonTraits_Model",NA,"NO",NA,NA,"Forest",1,1,"Herbivore","Frugivore","Insessorial",-8.23,-6.58,-7.35,109.63,25422.28,103692619,0
"110","5.1.1","Intentional use (species is the target)","Ongoing","Majority (50-90%)","Unknown","Unknown",NA,"Oriolus cruentus",5970,6270,"Oriolidae","Passeriformes","AVIBASE-556DF2D6",5,2,3,0,4,26.1,17,6.3,8.1,24,127.9,27.7,97.7,22.1,90.8,64,"EltonTraits_Model",NA,"NO",NA,NA,"Forest",1,1,"Herbivore","Frugivore","Insessorial",-8.23,-6.58,-7.35,109.63,25422.28,103692619,0
"111","11.1","Habitat shifting & alteration","Future","Whole (>90%)","Slow, Significant Declines",NA,NA,"Petroica archboldi",6555,7126,"Petroicidae","Passeriformes","AVIBASE-D7B7C65F",2,1,1,0,2,13,7,3,3.6,21.4,93,18.4,74.6,19.8,65.5,12.2,"EltonTraits_GenAvg",NA,"NO",NA,NA,"Shrubland",3,1,"Carnivore","Invertivore","Insessorial",-4.46,-3.9,-4.17,138,2698.63,22704799,0
"112","3.2","Mining & quarrying","Ongoing","Minority (<50%)","Unknown",NA,NA,"Petroica archboldi",6555,7126,"Petroicidae","Passeriformes","AVIBASE-D7B7C65F",2,1,1,0,2,13,7,3,3.6,21.4,93,18.4,74.6,19.8,65.5,12.2,"EltonTraits_GenAvg",NA,"NO",NA,NA,"Shrubland",3,1,"Carnivore","Invertivore","Insessorial",-4.46,-3.9,-4.17,138,2698.63,22704799,0
"113","7.1","Fire & fire suppression","Future","Unknown","Unknown",NA,NA,"Pogoniulus makawai",9492,3711,"Lybiidae","Piciformes","AVIBASE-D1E3DE2E",1,0,1,0,1,10.4,7.6,5,5.2,13.9,53.8,8.6,45.2,16,27,13.1,"Dunning",NA,"NO",NA,NA,"Forest",1,1,"Herbivore","Frugivore","Insessorial",-13.12,-12.54,-12.83,24.41,4084.19,22724370,0
"114","7.1.1","Increase in fire frequency/intensity","Future","Unknown","Unknown",NA,NA,"Pogoniulus makawai",9492,3711,"Lybiidae","Piciformes","AVIBASE-D1E3DE2E",1,0,1,0,1,10.4,7.6,5,5.2,13.9,53.8,8.6,45.2,16,27,13.1,"Dunning",NA,"NO",NA,NA,"Forest",1,1,"Herbivore","Frugivore","Insessorial",-13.12,-12.54,-12.83,24.41,4084.19,22724370,0
"115","5.1","Hunting & trapping terrestrial animals","Ongoing","Unknown","Slow, Significant Declines","Unknown",NA,"Pseudochelidon eurystomina",4603,7676,"Hirundinidae","Passeriformes","AVIBASE-F0C6A985",5,2,2,1,5,14.5,8.6,5.4,5,13.8,118.9,58.5,60.4,49.2,50.8,26,"EltonTraits_Model",NA,"NO",NA,NA,"Riverine",2,3,"Carnivore","Invertivore","Aerial",-4.31,3.42,0.1,17.03,113181.07,22712036,0
"116","5.1.1","Intentional use (species is the target)","Ongoing","Unknown","Slow, Significant Declines","Unknown",NA,"Pseudochelidon eurystomina",4603,7676,"Hirundinidae","Passeriformes","AVIBASE-F0C6A985",5,2,2,1,5,14.5,8.6,5.4,5,13.8,118.9,58.5,60.4,49.2,50.8,26,"EltonTraits_Model",NA,"NO",NA,NA,"Riverine",2,3,"Carnivore","Invertivore","Aerial",-4.31,3.42,0.1,17.03,113181.07,22712036,0
"117","5.3","Logging & wood harvesting","Ongoing","Minority (<50%)","Slow, Significant Declines","Low Impact: 5",NA,"Pseudochelidon eurystomina",4603,7676,"Hirundinidae","Passeriformes","AVIBASE-F0C6A985",5,2,2,1,5,14.5,8.6,5.4,5,13.8,118.9,58.5,60.4,49.2,50.8,26,"EltonTraits_Model",NA,"NO",NA,NA,"Riverine",2,3,"Carnivore","Invertivore","Aerial",-4.31,3.42,0.1,17.03,113181.07,22712036,0
"118","5.3.4","Unintentional effects: (large scale) [harvest]","Ongoing","Minority (<50%)","Slow, Significant Declines","Low Impact: 5",NA,"Pseudochelidon eurystomina",4603,7676,"Hirundinidae","Passeriformes","AVIBASE-F0C6A985",5,2,2,1,5,14.5,8.6,5.4,5,13.8,118.9,58.5,60.4,49.2,50.8,26,"EltonTraits_Model",NA,"NO",NA,NA,"Riverine",2,3,"Carnivore","Invertivore","Aerial",-4.31,3.42,0.1,17.03,113181.07,22712036,0
"119","7.1","Fire & fire suppression","Ongoing","Minority (<50%)","Unknown","Unknown",NA,"Pseudochelidon eurystomina",4603,7676,"Hirundinidae","Passeriformes","AVIBASE-F0C6A985",5,2,2,1,5,14.5,8.6,5.4,5,13.8,118.9,58.5,60.4,49.2,50.8,26,"EltonTraits_Model",NA,"NO",NA,NA,"Riverine",2,3,"Carnivore","Invertivore","Aerial",-4.31,3.42,0.1,17.03,113181.07,22712036,0
"120","7.1.1","Increase in fire frequency/intensity","Ongoing","Minority (<50%)","Unknown","Unknown",NA,"Pseudochelidon eurystomina",4603,7676,"Hirundinidae","Passeriformes","AVIBASE-F0C6A985",5,2,2,1,5,14.5,8.6,5.4,5,13.8,118.9,58.5,60.4,49.2,50.8,26,"EltonTraits_Model",NA,"NO",NA,NA,"Riverine",2,3,"Carnivore","Invertivore","Aerial",-4.31,3.42,0.1,17.03,113181.07,22712036,0
"121","2.3","Livestock farming & ranching","Ongoing","Majority (50-90%)","Unknown",NA,NA,"Spizocorys obbiensis",3008,7339,"Alaudidae","Passeriformes","AVIBASE-D7A55FB3",9,2,6,1,0,12.7,8.4,4.4,5.7,19.5,67.4,23.1,58.4,28.3,36.7,13.5,"Dunning",NA,"YES","Beak Nares; Beak Width; Beak Depth; Kipp's Distance; Secondary1; Hand-Wing Index","Spizocorys fringillaris","Desert",3,1,"Omnivore","Invertivore","Terrestrial",1.52,7.03,4.23,47.11,55209.01,22717360,0
"122","2.3.4","Scale Unknown/Unrecorded","Ongoing","Majority (50-90%)","Unknown",NA,NA,"Spizocorys obbiensis",3008,7339,"Alaudidae","Passeriformes","AVIBASE-D7A55FB3",9,2,6,1,0,12.7,8.4,4.4,5.7,19.5,67.4,23.1,58.4,28.3,36.7,13.5,"Dunning",NA,"YES","Beak Nares; Beak Width; Beak Depth; Kipp's Distance; Secondary1; Hand-Wing Index","Spizocorys fringillaris","Desert",3,1,"Omnivore","Invertivore","Terrestrial",1.52,7.03,4.23,47.11,55209.01,22717360,0
"123","5.3","Logging & wood harvesting","Ongoing","Unknown","Unknown",NA,NA,"Spizocorys obbiensis",3008,7339,"Alaudidae","Passeriformes","AVIBASE-D7A55FB3",9,2,6,1,0,12.7,8.4,4.4,5.7,19.5,67.4,23.1,58.4,28.3,36.7,13.5,"Dunning",NA,"YES","Beak Nares; Beak Width; Beak Depth; Kipp's Distance; Secondary1; Hand-Wing Index","Spizocorys fringillaris","Desert",3,1,"Omnivore","Invertivore","Terrestrial",1.52,7.03,4.23,47.11,55209.01,22717360,0
"124","5.3.3","Unintentional effects: (subsistence/small scale) [harvest]","Ongoing","Unknown","Unknown",NA,NA,"Spizocorys obbiensis",3008,7339,"Alaudidae","Passeriformes","AVIBASE-D7A55FB3",9,2,6,1,0,12.7,8.4,4.4,5.7,19.5,67.4,23.1,58.4,28.3,36.7,13.5,"Dunning",NA,"YES","Beak Nares; Beak Width; Beak Depth; Kipp's Distance; Secondary1; Hand-Wing Index","Spizocorys fringillaris","Desert",3,1,"Omnivore","Invertivore","Terrestrial",1.52,7.03,4.23,47.11,55209.01,22717360,0
"125","2.3","Livestock farming & ranching","Ongoing","Minority (<50%)","Unknown",NA,NA,"Sylvietta philippae",4965,7357,"Macrosphenidae","Passeriformes","AVIBASE-0B44E704",2,2,0,0,2,10.8,6.2,2.3,3,16,52,3.5,48.5,6.8,22,8.6,"Dunning",NA,"NO",NA,NA,"Shrubland",2,1,"Carnivore","Invertivore","Insessorial",3.19,9.59,6.26,45.23,206306.37,22715121,0
"126","2.3.4","Scale Unknown/Unrecorded","Ongoing","Minority (<50%)","Unknown",NA,NA,"Sylvietta philippae",4965,7357,"Macrosphenidae","Passeriformes","AVIBASE-0B44E704",2,2,0,0,2,10.8,6.2,2.3,3,16,52,3.5,48.5,6.8,22,8.6,"Dunning",NA,"NO",NA,NA,"Shrubland",2,1,"Carnivore","Invertivore","Insessorial",3.19,9.59,6.26,45.23,206306.37,22715121,0
"127","5.2","Gathering terrestrial plants","Ongoing","Minority (<50%)","Unknown",NA,NA,"Sylvietta philippae",4965,7357,"Macrosphenidae","Passeriformes","AVIBASE-0B44E704",2,2,0,0,2,10.8,6.2,2.3,3,16,52,3.5,48.5,6.8,22,8.6,"Dunning",NA,"NO",NA,NA,"Shrubland",2,1,"Carnivore","Invertivore","Insessorial",3.19,9.59,6.26,45.23,206306.37,22715121,0
"128","5.2.2","Unintentional effects (species is not the target)","Ongoing","Minority (<50%)","Unknown",NA,NA,"Sylvietta philippae",4965,7357,"Macrosphenidae","Passeriformes","AVIBASE-0B44E704",2,2,0,0,2,10.8,6.2,2.3,3,16,52,3.5,48.5,6.8,22,8.6,"Dunning",NA,"NO",NA,NA,"Shrubland",2,1,"Carnivore","Invertivore","Insessorial",3.19,9.59,6.26,45.23,206306.37,22715121,0
"129","5.3","Logging & wood harvesting","Ongoing","Minority (<50%)","Unknown",NA,NA,"Sylvietta philippae",4965,7357,"Macrosphenidae","Passeriformes","AVIBASE-0B44E704",2,2,0,0,2,10.8,6.2,2.3,3,16,52,3.5,48.5,6.8,22,8.6,"Dunning",NA,"NO",NA,NA,"Shrubland",2,1,"Carnivore","Invertivore","Insessorial",3.19,9.59,6.26,45.23,206306.37,22715121,0
"130","5.3.3","Unintentional effects: (subsistence/small scale) [harvest]","Ongoing","Minority (<50%)","Unknown",NA,NA,"Sylvietta philippae",4965,7357,"Macrosphenidae","Passeriformes","AVIBASE-0B44E704",2,2,0,0,2,10.8,6.2,2.3,3,16,52,3.5,48.5,6.8,22,8.6,"Dunning",NA,"NO",NA,NA,"Shrubland",2,1,"Carnivore","Invertivore","Insessorial",3.19,9.59,6.26,45.23,206306.37,22715121,0
"131","5.3","Logging & wood harvesting","Ongoing","Unknown","Unknown",NA,NA,"Tanysiptera hydrocharis",1946,3512,"Alcedinidae","Coraciiformes","AVIBASE-A82E59C9",4,2,2,0,4,28.4,22.1,8.5,9.7,16.5,87,18,69,20.7,155.5,33,"Updated_literature","Dunning (2021)","NO",NA,NA,"Forest",1,1,"Carnivore","Invertivore","Insessorial",-9.33,-5.32,-8.02,140.29,48882.84,22683572,0
"132","5.3.4","Unintentional effects: (large scale) [harvest]","Ongoing","Unknown","Unknown",NA,NA,"Tanysiptera hydrocharis",1946,3512,"Alcedinidae","Coraciiformes","AVIBASE-A82E59C9",4,2,2,0,4,28.4,22.1,8.5,9.7,16.5,87,18,69,20.7,155.5,33,"Updated_literature","Dunning (2021)","NO",NA,NA,"Forest",1,1,"Carnivore","Invertivore","Insessorial",-9.33,-5.32,-8.02,140.29,48882.84,22683572,0
"133","5.1","Hunting & trapping terrestrial animals","Ongoing","Unknown","Unknown",NA,NA,"Turnix worcesteri",1476,2557,"Turnicidae","Charadriiformes","AVIBASE-8517D68D",2,1,1,0,2,10.2,6.5,3.5,5.4,16.6,66.8,21,45.8,31.5,27,67,"Updated_literature","Dunning (2021)","NO",NA,NA,"Grassland",3,1,"Omnivore","Omnivore","Terrestrial",12.54,18.65,15.95,121.42,105069.59,22680588,0
"134","5.1.1","Intentional use (species is the target)","Ongoing","Unknown","Unknown",NA,NA,"Turnix worcesteri",1476,2557,"Turnicidae","Charadriiformes","AVIBASE-8517D68D",2,1,1,0,2,10.2,6.5,3.5,5.4,16.6,66.8,21,45.8,31.5,27,67,"Updated_literature","Dunning (2021)","NO",NA,NA,"Grassland",3,1,"Omnivore","Omnivore","Terrestrial",12.54,18.65,15.95,121.42,105069.59,22680588,0
"135","1.1","Housing & urban areas","Ongoing","Minority (<50%)","Slow, Significant Declines","Low Impact: 5",NA,"Tyto almae",10690,2719,"Tytonidae","Strigiformes","AVIBASE-7ED913E9",1,1,0,0,1,29,14.6,7.3,12.8,53,213,65.1,147.9,30.6,83,540,"Updated_literature","BoW","NO",NA,NA,"Forest",1,1,"Carnivore","Vertivore","Generalist",-3.33,-2.98,-3.14,129.43,1302.34,62172832,0
"136","2.1","Annual & perennial non-timber crops","Ongoing","Minority (<50%)","Slow, Significant Declines","Low Impact: 5",NA,"Tyto almae",10690,2719,"Tytonidae","Strigiformes","AVIBASE-7ED913E9",1,1,0,0,1,29,14.6,7.3,12.8,53,213,65.1,147.9,30.6,83,540,"Updated_literature","BoW","NO",NA,NA,"Forest",1,1,"Carnivore","Vertivore","Generalist",-3.33,-2.98,-3.14,129.43,1302.34,62172832,0
"137","2.1.2","Small-holder farming","Ongoing","Minority (<50%)","Slow, Significant Declines","Low Impact: 5",NA,"Tyto almae",10690,2719,"Tytonidae","Strigiformes","AVIBASE-7ED913E9",1,1,0,0,1,29,14.6,7.3,12.8,53,213,65.1,147.9,30.6,83,540,"Updated_literature","BoW","NO",NA,NA,"Forest",1,1,"Carnivore","Vertivore","Generalist",-3.33,-2.98,-3.14,129.43,1302.34,62172832,0
"138",NA,NA,NA,NA,NA,NA,NA,"Aerodramus papuensis",NA,1148,"Apodidae","Caprimulgiformes","AVIBASE-10591B00",4,2,2,0,4,8.5,3.8,3.3,2.5,11.1,132.5,93.3,39.2,70.4,50.9,19.9,"Dunning",NA,"NO",NA,NA,"Rock",1,1,"Carnivore","Invertivore","Aerial",-8.24,-2,-4.46,142.96,163508.74,22686552,0
"139",NA,NA,NA,NA,NA,NA,NA,"Cypseloides cherriei",NA,1105,"Apodidae","Caprimulgiformes","AVIBASE-258B1B37",5,2,2,1,4,7.1,3.5,3.3,2.6,12.7,124.8,84.1,40.7,67.4,44.7,22.1,"Dunning",NA,"NO",NA,NA,"Forest",1,1,"Carnivore","Invertivore","Aerial",-0.93,10.15,3.35,-75.73,111074.69,22686458,0
"140",NA,NA,NA,NA,NA,NA,NA,"Cypseloides storeri",NA,1107,"Apodidae","Caprimulgiformes","AVIBASE-DD9CB478",0,0,0,0,0,8.6,3.7,3.7,2.4,16,137.2,93.1,44.1,67.8,44.8,39.5,"Dunning",NA,"YES","Beak Culmen; Beak Nares; Beak Width; Beak Depth; Tarsus Length; Wing Length; Kipp's Distance; Secondary1; Hand-Wing Index; Tail Length","Cypseloides cryptus","Forest",1,1,"Carnivore","Invertivore","Aerial",17.16,20,18.67,-101.27,84466.8,22686461,0
"141",NA,NA,NA,NA,NA,NA,NA,"Setopagis maculosa",NA,1027,"Caprimulgidae","Caprimulgiformes","AVIBASE-EB7EE121",1,0,1,0,1,18.8,6.5,4.9,1.6,17.7,139,61.5,77.5,44.2,131,47,"Inferred",NA,"YES","Body Mass","Setopagis whitelyi","Forest",2,NA,"Carnivore","Invertivore","Aerial",NA,NA,NA,NA,NA,22689859,0
"142",NA,NA,NA,NA,NA,NA,NA,"Neocrex colombiana",NA,1824,"Rallidae","Gruiformes","AVIBASE-E016F3AC",1,0,1,0,1,21.5,10.1,3.4,6.4,28,97,23,74,23.7,30,58.3,"Inferred",NA,"YES","Body Mass","Neocrex erythrops","Wetland",2,2,"Carnivore","Aquatic predator","Terrestrial",-0.4,12.46,6.06,-76.82,105973.62,22692740,0
"143",NA,NA,NA,NA,NA,NA,NA,"Mirafra pulpa",NA,7300,"Alaudidae","Passeriformes","AVIBASE-F22CCF78",4,1,3,0,4,12.6,8.5,4.8,5.4,19.7,79.4,15.5,63.9,19.6,53.6,21.9,"Dunning",NA,"NO",NA,NA,"Grassland",3,3,"Omnivore","Granivore","Terrestrial",-3.92,5.28,-0.02,37.41,42119.97,22717033,0
"144",NA,NA,NA,NA,NA,NA,NA,"Cisticola restrictus",NA,7460,"Cisticolidae","Passeriformes","AVIBASE-2E0E6C82",3,2,1,0,3,12.3,7.5,2.4,3.3,18.6,53.3,4.6,48.7,8.7,48.7,13.2,"Dunning",NA,"NO",NA,NA,"Shrubland",2,NA,"Carnivore","Invertivore","Generalist",-2.72,-1.41,-1.99,40.29,3370.75,22713394,0
"145",NA,NA,NA,NA,NA,NA,NA,"Estrilda nigriloris",NA,9791,"Estrildidae","Passeriformes","AVIBASE-9C12483E",1,0,1,0,1,8.8,5.7,4.2,5.3,13.2,45.5,7.9,37.6,17.4,49,7.5,"EltonTraits_GenAvg",NA,"NO",NA,NA,"Grassland",3,1,"Herbivore","Granivore","Generalist",-10.46,-8.28,-9.32,25.65,28361.75,22719581,0
"146",NA,NA,NA,NA,NA,NA,NA,"Carpodacus sillemi",NA,10119,"Fringillidae","Passeriformes","AVIBASE-4C9486AE",0,0,0,0,0,13.6,9.6,5.8,6.1,18.2,101.2,29.4,71.8,27.9,69,28.9,"EltonTraits_GenAvg",NA,"YES","Beak Culmen; Beak Nares; Beak Width; Beak Depth; Tarsus Length; Wing Length; Kipp's Distance; Secondary1; Hand-Wing Index; Tail Length","Carpodacus roborowskii","Rock",3,2,"Herbivore","Granivore","Terrestrial",34.87,36.43,35.61,86.07,23268.34,22720493,0
"147",NA,NA,NA,NA,NA,NA,NA,"Petrochelidon perdita",NA,7692,"Hirundinidae","Passeriformes","AVIBASE-BBDD34B2",1,0,0,1,0,11.1,5.6,3.9,3,13.2,110.5,51.2,59.3,46.3,58.5,20.6,"Inferred",NA,"YES","Beak Culmen; Beak Nares; Beak Width; Beak Depth; Tarsus Length; Body Mass","Petrochelidon spilodera",NA,3,NA,"Carnivore","Invertivore","Aerial",NA,NA,NA,NA,NA,22712390,0
"148",NA,NA,NA,NA,NA,NA,NA,"Oenanthe dubia",NA,9352,"Muscicapidae","Passeriformes","AVIBASE-B2C33E06",4,1,3,0,3,16.1,9.9,3.5,4.4,23,79.2,12.3,66.9,15.5,59.6,19.4,"Inferred",NA,"YES","Body Mass","Oenanthe familiaris","Shrubland",2,3,"Carnivore","Invertivore","Insessorial",8.4,11.11,9.89,40.92,65375.12,22710380,0
"149",NA,NA,NA,NA,NA,NA,NA,"Ploceus upembae",NA,9697,"Ploceidae","Passeriformes","AVIBASE-7904C526",0,0,0,0,0,15,9.7,5.4,6.9,18.7,65.2,12.8,52.4,19.6,44.5,18.5,"DataFromSplit",NA,"YES","Beak Culmen; Beak Nares; Beak Width; Beak Depth; Tarsus Length; Wing Length; Kipp's Distance; Secondary1; Hand-Wing Index; Tail Length","Ploceus katangae","Wetland",2,1,"Herbivore","Granivore","Insessorial",-9.37,-7.7,-8.49,26.8,10991.59,103811957,0
"150",NA,NA,NA,NA,NA,NA,NA,"Pycnonotus nieuwenhuisii",NA,7899,"Pycnonotidae","Passeriformes","AVIBASE-84F1B408",2,0,2,0,0,18.2,10,4.4,4.7,16.4,84.7,14.1,63.6,18.1,68.7,25.5,"Inferred",NA,"YES","Beak Nares; Beak Width; Beak Depth; Kipp's Distance; Secondary1; Hand-Wing Index; Body Mass","Brachypodius atriceps","Forest",2,2,"Herbivore","Frugivore","Insessorial",1.75,4.81,3.33,100.88,56602.6,22712705,0
"151",NA,NA,NA,NA,NA,NA,NA,"Tityra leucura",NA,5424,"Tityridae","Passeriformes","AVIBASE-8B9C1238",0,0,0,0,0,26.3,18.5,11.6,9.2,21.6,105.7,28.1,77.9,26.5,65.6,43.1,"Updated_literature","Whittaker (2008)","YES","Beak Culmen; Beak Nares; Beak Width; Beak Depth; Tarsus Length; Wing Length; Kipp's Distance; Secondary1; Hand-Wing Index; Tail Length","Tityra inquisitor",NA,1,1,"Herbivore","Frugivore","Insessorial",-9.8,-8.04,-8.92,-62.85,15404.69,103677030,0
